{"cameraMode":{"drawMode":0,"name":"Shaded","section":"Shading Mode"},"sceneLighting":true,"audioPlay":false,"sceneViewState":{"m_AlwaysRefresh":false,"showFog":true,"showSkybox":false,"showFlares":true,"showImageEffects":true,"showParticleSystems":true,"showVisualEffectGraphs":true,"m_FxEnabled":true},"in2DMode":false,"pivot":{"x":0.457672119140625,"y":7.226099014282227,"z":1.5972309112548829},"rotation":{"x":0.26762744784355166,"y":0.0841343030333519,"z":-0.022490261122584344,"w":0.9599270820617676},"size":45.73002624511719,"orthographic":false}