{"cameraMode":{"drawMode":0,"name":"Shaded","section":"Shading Mode"},"sceneLighting":true,"audioPlay":false,"sceneViewState":{"m_AlwaysRefresh":false,"showFog":true,"showSkybox":true,"showFlares":true,"showImageEffects":true,"showParticleSystems":true,"showVisualEffectGraphs":true,"m_FxEnabled":true},"in2DMode":false,"pivot":{"x":4.244132995605469,"y":2.6173312664031984,"z":21.663118362426759},"rotation":{"x":0.05340801179409027,"y":-0.22704866528511048,"z":0.012536721304059029,"w":0.9722234010696411},"size":2.4408926963806154,"orthographic":false}